Adnams East Green Keg,1.8
Konig Pilsner Keg,2.7
Allbright Ale Keg,1.4
Angry Orchard Cider,2.2
Angry Orchard Rose Cider,2.2
Bass Mild XXX Keg,1.4
Bavaria Premium Pilsner,2.29
Budweiser Budvar Dark,2.6
Brewgooder Clean Water Lager Keg,2.8
Belhaven East Coast IPA Keg,1.2
Belhaven Black Keg,1.1
Biagio Lager,2.2
Black Isle Blonde Keg,1.1
Black Isle Goldeneye Keg,1.1
Black Isle Red Kite Keg,1.1
Birra Morena Lager,2.5
Charles Wells All Day IPA Keg,2.6
Charles Wells Dry Hopped Lager Keg,2.13
Charles Wells Eagle Smooth,0.93
Charles Wells Tripple Hopped IPA Keg,2.13
Carling Zest Spiced Orange Keg,2.3
Carling Zest Keg,2.3
Directors Bitter Cask,1.3
Dogfish DNA,2.2
Erdinger Dark Heffeweissen,2.7
Erdinger Keg,3.25
Felinfoel,2.7
Friels Vintage,2
Fruli Strawberry White Beer,2.2
Bacchus Kriek,2.7
Draught Bass Cask,1
Black Rat Cider,2.3
Brains Dark Cask,1
Brains Bitter Cask,1
Briton Electric IPA,2.4
Briska Pear Cider,2.3
Black Sheep 54 Degrees North Keg,2.2
Brains SA Cask,1
Brains SA Gold Cask,1
Goose Island Keg Line,2.35
Greene King IPA Keg,1.2
Ice Breaker,2.2
Greene King IPA Extra Cold,1.2
Cromarty Happy Chappy Keg,1.1
Healeys Gold Cornish Cider,2.3
Hofmeister Helles,2.65
Hidden Lane TA Pale Ale,2.5
Hidden Lane TR High Pale Ale,2.5
Hofbrau Export Keg,2.7
Hofbrau Premium Keg,2.7
Innis & Gunn Lager,2.6
Fyne Ales Jarl Keg,1.1
Jupiler Blue Extra Cold,2.35
John Smiths Bitter Cask,1
Jubel Elderflower,2.6
Jubel Grapefruit,2.6
Kaliber Keg,2.2
Kuppers Kolsch Keg,2.2
Kona Longboard Island Lager Keg,2.3
Pilot Koln Keg,1.1
Korev Lager Keg,2.2
Kustome Lager Keg,2.2
LCL Pils,2.4
Lees Manchester Pale Ale Keg,1
Fader IPA,2.45
Palmers Brewery Cask,0.9
Palm Lager,2.3
Paulaner Munich Lager Keg,2.3
Pilot Blond Keg,1.1
Pistonhead Lager Keg,2.2
Poundhouse Cider Keg,2.3
Rekorderlig Apple Cider Extra Cold,2.3
Rattler,2
Rekorderlig Apple Cider Keg,2.3
Rekorderlig Pear Cider Keg,2.3
Rekorderlig Strawberry & Lime Keg,2.3
Rekorderlig Wild Berries Keg,2.3
Robinsons Smooth Bitter,1
Ruddles Best Bitter Keg,1.1
Ruddles Smooth Keg,1.1
Brains Rev James Cask,1
Samuel Adams Lager Keg,2.35
Sam 76,2.35
Stowford Press Cider,2
Smithwicks Irish Ale Keg,4.2
Devon Mist,2.2
Devon Red,2.2
Fanny Bramble,2.2
Spitfire Keg,1.1
Spitfire Smooth Keg,1.1
Staropramen 5% Keg,2.2
Tartan Bitter Keg,1.57
Theakstons Black Bull Cask,0.9
Mansfield Original Keg,1.2
Mansfield Smooth Creamy Keg,1.2
Munchen Lager Keg,2.2
Other Cider Keg - See Notes,2.3
McEwans 80/- Cask,1.1
Miller Beer Keg,2.2
Theakston Best Cask,0.9
Inveralmond Thrappledouser Keg,1.1
Theakston Mild Cask,0.9
Theakstons Old Peculier Cask,0.9
Theakstons XB Cask,0.9
Butcombe Veltins Lager,2.8
Bayside Welsh Lager Krg,2.25
M&B Brew XI Keg,1
Camerons Creamy Keg,1
Camerons Export Lager Keg,2.15
Cains Finest Lager,2.7
Camden Gentlemans Wit Keg,2.35
Liverpool Lager,2.2
Camerons Strongarm Keg,1
Camden Pils Keg,2.2
Camden Off Menu IPA,1.5
Camden Pale Ale Keg,1.5
Camden Pils,2.5
Camerons Scorpion,2.2
Courage Best Bitter Cask,1.2
Cold Bath Lager,2.2
Carling British Cider Black Fruits Keg,2.6
Carling British Cider,2.6
Carling Premier Keg,1.3
Caffreys Extra Cold Keg,1
Cobra Malabar Blond IPA Keg,2.1
Alechemy Citra Burst IPA Keg,1.1
Cobra Extra Cold Keg,2.1
Cobra Keg,2.1
Maclachlan's,1.05
Madri,2.3
Mallets Apple Cider,2.35
M&B Mild Keg,1.2
Oldham Bitter Smooth,1
Orkney Brewery Orkney Gold,2.5
Oranjeboom,2.3
Robinsons Trooper,2.2
Taunton Special Vat Keg,2.3
Hopical Storm,2.5
Thwaites Daniel's,2.2
Tomos Watkin Pale Rider Pale Ale Keg,1.1
Tomos Watkin Two Guns Lager Keg,2.8
Wards Smooth Bitter,1
Williams Bros Black Ball Stout Keg,1.1
Williams Bros Ceasar Augustus Keg,2.2
Williams Bros Draught Lager Keg,2.8
Westons Mulled Cider,2.3
Green Label Cask,1
West Hefeweizen Lager Keg,2.2
Wychwood Hobgoblin Ruby,1.89
Worthington Ale Keg,1.4
Stella Cidre Keg,2.3
Other Premium Lager - See Notes,2.7
Zatec Lager,2.6
Websters Yorkshire Btr Cask,1
Youngs London Stout Keg,1.19
Youngers Pale & Light,1.4
Clonmel 1650 Lager,2.2
Tennents Original Export Lager Keg,2.2
Caffreys Keg,1
Bitburger Keg,2.7
Thatchers Rose,2.1
Marstons Pedigree Bitter Keg,1.2
Budweiser Light Keg,2.45
McEwans Export Keg,1.95
Courage Dark Mild Keg,1
McEwans 60/- Ale Keg,1.05
McEwans 70/- Draught Keg,1.05
McEwans 80/- Keg,1.05
Marstons Smooth Keg,1.2
Old Speckled Hen Smooth,1.3
Budweiser Budvar,2.5
Youngers Scotch Btr Keg,1.22
McEwans Cold,2.15
Youngers Best Bitter Keg,1.35
Tennents Pilsner Keg,2.15
Belhaven Best Extra Cold,1.17
Tennents Light 60/- Keg,1.15
Tennents Ember 80/- Keg,1.15
Tennents Jeffreys Lager Keg,2.2
McEwans Red,1
Shard Peach and Mango,2.7
Shard Raspberry and Lime,2.7
Banks Amber Bitter Smooth,1.2
Banks Dark Mild Keg,1.2
Eagle Banana Bread,1.95
Eagle IPA,0.93
Thwaites Dark Smooth,1.1
Thwaites Mild,1.1
Thwaites Original Bitter Keg,1.15
Founders Solid Gold,2.6
Founders All Day IPA,2.6
Wells Banana Bread Beer Keg,1.95
Meantime London Pale Ale Keg,2.5
Meantime London Lager Keg,2.5
Meantime Yakima Red Keg,2.5
Meantime Anytime IPA Keg,2.5
Meantime Helles Keg,2.5
Cornish Orchard Gold Cider Keg,2.4
Fullers Unfiltered London Pride Keg,1.55
Fullers Organic Honey Dew Keg,2.45
Sierra Nevada Pale Ale,2.5
Fullers Wild River Keg,2.45
Schiehallion Keg,2.1
West Munich Red Lager Keg,2.4
Black Country Lager Keg,2.3
Drygate Ridge Pale Ale Keg,2.1
Drygate Outaspace Apple Ale Keg,2.4
Fullers Frontier Lager Keg,2.45
Pravha,2.45
McEwans Lager Keg,2.15
Ygrs Tartan Spec Keg,1.57
Carling Premier Cold,1.3
Walkers Smooth Bitter Keg,1.1
Fullers London Pride Keg,1.55
Flowers Best Btr Keg,1.2
Mcewans 60/- Dark Keg,1.05
Mcewans 60/- Light Keg,1.05
Stella Artois Keg,2.1
Carling Keg,2.3
Theakstons XB Keg,1
Beavertown Bloody Ell Blood Orange IPA,2.65
Brains Black Stout,1
Theakstons Cool Beer Keg,1
Peculier Pilsner Lager Keg,1.05
Magners Original Draught Keg,2.6
Heineken Served Extra Cold,2.2
Fullers Black Cab Stout Keg,1.3
Brockley Brewery Lager,2.44
Beavertown Smog Rocket Keg,2.5
Brothers Cider,2.3
Brahma Lager,2.35
Blue Moon Wheat Beer,2.3
Bitter & Twisted Keg,2.1
Brewdog Indie Pale Ale Keg,2.4
Bear Island Triple Hopped Lager,2.3
Bear Island East Coast IPA Keg,2.3
1936 Biere Lager,2.5
Bath Ales Gem Keg,2.1
Brewdog Dead Pony Keg,2.45
Brockley Brewery Session IPA,2.44
Ashton Cider Press,2.2
Appleshed Premium Cider Keg,2.3
Appleshed Dark Fruits Cider Keg,2.3
Applebocq Lager Keg,2.4
Alpine Lager,2.25
Adnams Ghost Ship Bitter Keg,2.2
Aktien Hell Lager Keg,2.2
Benediktiner Weissbier Keg,2.7
Franciscan Well Lager Keg,2.7
Fourpure Shape Shifter IPA Keg,2.4
Cotswold Three Point Eight,2.2
Cotswold Premium Draught Lager,2.7
Sharp's Pilsner Keg,2.7
Cornish Orchard Blush Cider Keg,2.4
Saltire Lager Keg,2.3
Glamorgan Brewing Anstee Siluria Keg,2.3
Glamorgan Smooth,0.93
Devon Rock Lager,2.4
Dead Canary IPA Keg,2.13
De Koninck,2.7
Caledonian Dark Light lager Keg,2.18
Chapel Down Curious Brew Lager Keg,2.3
Chapel Down Curious Brew IPA Keg,2.3
Camden Pale Ale,1.5
Camden Hells Lager,2.5
Corona,2.35
Cotswold Winter Draught Lager,2.7
Beavertown Neck Oil Keg,2.5
Beavertown Lupuloid Keg,2.5
Fullers London Porter Keg,1.3
Kingstone Press Wild Berry Cider,2.3
Kaltenberg,2.2
Kirkstall Brewery Virtuos IPA,2.3
Jubel Peach Beer,2.6
Fallen Just the Ticket Keg,1.1
JDW Devils Backbone,2.3
JDW Responsible Craft Brand,2.4
Inedit Damn Wheat Beer Keg,2.7
Joker IPA Keg,2.3
Jack Rabbit Red Wine (non Accolade),2.3
Jack Rabbit Rose Wine (non Accolade),2.3
Innis & Gunn Mangoes on the Run,2.6
Innis & Gunn Original Keg,2.6
Innis & Gunn Ossain Keg,1
Innis & Gunn Session IPA,2.6
Innis & Gunn Blood Red Sky Keg,2.6
Hunts Andsome Bay Cider,2.3
Hunts Misty Maid Cider,2.3
Hurliman Keg,2.3
Heidi Weisse,2.4
Hickorys Pale Ale Keg,2
Hogstar Craft Lager Keg,2.4
Beavertown Beavo Lager Keg,2.5
Holts Crystal Extra Cold Lager,2.2
Hop King Pale Ale,2.3
Highgate Lager,2.2
Harp Irish Lager Keg,2.2
Mangolicious,2.5
Futurism Ale Keg,2.2
Franciscan Well Hopven Weisse Keg,2.7
Franziskaner Hefe Weissbier,2.7
Five Points Juicy Pale Ale,2.45
Fourpure Base Camp Pils Lager Keg,2.4
Five Points Pale Ale,2.5
Fourpure Hemisphere Session IPA Keg,2.2
Fullers IPA Keg,2.45
Fourpure Juicebox Citrus IPA Keg,2.4
Davenports FGL Lager,2.2
Olde Dragon Cider,2.2
Fourpure Easy Peeler Session IPA Keg,2.3
Shepherd Neame Five Grain Lager,2.3
Freedom Brewery Pale Ale Keg,2.4
Estrella Galaica Alcohol Free Keg,2.2
Estrella Galaica Keg,2.2
Elgood Brewery Keg Line,2
Edinburgh Lager Keg,2.5
Dortmunder Union Pils,2.5
Dortmunder Vier Keg,2.5
Duvel,2.5
Double Dragon Ale Keg,1.15
Drygate Crossing the Rubicon Keg,2.4
Monterey,2.3
Magners Golden Draught Extra Cold,2.6
Magners Golden Draught,2.6
Magners Cider Keg,2.6
Miller Extra Cold,2.2
Meantime Brewery Fresh Lager Keg,2.5
Meantime Brewery Fresh Pale Ale Keg,2.5
Fallen Odyssey Keg,1.1
Orchard Farm Cider,2.3
Open Gate Citra IPA Keg,2.3
Open Gate Pilsner Keg,2.4
Noble Lager,2.2
North Brewery Transmission,2.45
Adnams Mosaic Pale Ale Keg,2.1
Moonstripes Keg,2.2
Mongoose Lager,2.1
Fullers Montana Red Keg,2.45
Lawless Unfiltered Lager,2.3
LWC Export,2.15
Loch Leven Pale Alice Keg,2.2
Love Lane Lager,2.4
Love Lane Pale Ale,2.2
Fallen Local Motive Keg,1.1
Lowenbrau Orig. Keg,2.3
Little Creatures Pale Ale Keg,2.6
Laine Brewery Ripper IPA Keg,2.5
Laine Brewery Source Pale Ale Keg,2.5
Laine Brewery Word Lager Keg,2.6
Little Creatures Dog Day Session Ale,2.6
LCL Pils Extra Cold Keg,2.4
Kona Golden Ale (Big Wave),2.6
Fallen Platform C Keg,1.1
Portland Amercan Lager Keg,2.2
Pilot Brewery Vienna Pale Keg,2.1
LWC Portland Ale,2
Orchard View Cider Keg,2.2
Pimms & Lemonade Keg,2.2
Pardal,2.4
Purity Longhorn IPA Keg,2.4
Brewdog Punk IPA Keg,2.4
Portland Stout Keg,1.2
Pimms No. 1,2.2
Newcastle Exhibition Keg,1.25
Taunton Traditional Keg,2.5
Sunlick Lager,2.3
Sam Smiths Bitter Keg,1.27
Sam Smiths Cider Reserve Keg,2.2
Sam Smiths Double Four Keg,2.2
Sam Smiths Stout Keg,1.27
Sam Smiths Mild Keg,1.27
Sam Smiths Pure Brew Lager,2.25
Sam Smiths Sovereign Keg,1.27
Sam Smiths Taddy Lager Keg,2.25
Spitfire Lager Keg,2.3
Soho Jazz Keg,2.2
Singha Beer,2.7
Tennents House Lager Keg,2.3
Weihenstephaner Brewery Keg Line,2.6
Green Label Keg,1
Welsh Lager Keg,2.4
Windsor & Eton Brewery Republika Keg,2.2
Welsh Cake Stout Keg,1.19
Froach Heather Ale,2.3
Whitstable Bay Pale Ale Keg,1.1
Whitstable Bay Red IPA Keg,2.3
Whitstable Bay Blond Lager Keg,2.3
Whitstable Bay Black Stout Keg,1.1
Untitled IPA Keg,2.2
Tetleys Extra Cold,1.1
Tomos Watkin Two Guns Premium Lager Keg,1.1
Tomos Watkin Cwrw Braf Smooth Keg,1.1
Tomos Watkin Dark Horse Stout Keg,2.4
Tomos Watkin Dark Keg,1.1
Tiny Rebel Cwtch Keg,2.25
Tempest Armadillo Keg,1.1
Tempest Easy Livin Lager Keg,2.8
Tempest Long White Cloud Keg,1.1
Tempest Modern Times Lager Keg,2.8
Tempest Unforgiven Keg,1.1
Tiny Rebel Brewery Keg Line,2.25
Terra Nova Pale Ale Keg,2.13
Tetleys Original Bitter Keg,1.3
Thornbridge IPA,2.4
Tennents Ice,2.3
Thistly Cross Cider,1.4
Spaten Munchner Hell Keg,2.5
Sharp's Orchard Cider Keg,1.8
Sharp's Offshore Pilsner Keg,2.7
Shindgeer Peach Keg,2.4
Sharpe's Atlantic Pale Ale Keg,2.2
Sharp's Chalkys Bark Lager,2.2
Beavertown Gamma Ray Keg,2.5
Beavertown Holy Cowbell Keg,1.1
Rebellion Lager,2.6
Robinsons Dark Smooth,1
Rothus Wheat Beer,2.5
Rodeo Pale Ale Keg,2.55
Yardbird,2.4
Zeep Pale Ale Keg,2.2
Wrexham Lager Keg,2.4
Henry Wadworth Smooth IPA Keg,0.95
Moritz Lager Keg,2.5
Harry Sparrow Cider,2.3
Grays Extra Cold Lager,2.2
Grays Lager,2.2
McEwans IPA,2.25
Gaymers Original Extra Cold,2.5
Cairngorm Black Gold Keg,1.1
Tetleys Mild Keg,1.1
Tetleys Dark Mild Keg,1.1
Sagres Lager,2.7
Heverlee Lager Keg,2.52
Red Stripe Keg,2.15
Lagunitas Dark Swan Ale Keg,2.6
Lagunitas Little Sumpin - Sumpin Ale,2.6
Lagunitas 12th of Never Keg,2.55
Lagunitas Born Again Yesterday Keg,2.6
Lagunitas Aunt Sally Keg,2.65
Lagunitas Sucks Keg,2.65
Lagunitas Down Low Keg,2.6
Lagunitas Pils Keg,2.6
Lagunitas Brown Shugga Keg,2.6
Lagunitas Willet Imperial Stout Keg,2.6
Goose Island Midway,2.7
Goose Island IPA,2.7
Scrumpy Jack Keg,2.3
McEwans Best Scotch Smooth,1.25
McEwans Best Scotch Keg,1.25
Chestnut Mild Keg,1.05
Worthington CF Bitter Keg,1.1
Worthington Bitter Keg,1.2
Websters Yorkshire Btr Keg,1.1
Worthington Creamflow Cold,1.1
Mcewans 80/- Special Keg,1.05
Brains Bitter Smooth Keg,1.2
Carling Extra Cold Keg,2.3
Thatchers Gold Keg,2.1
Orchard Pig Cider BIB,2.3
Orchard Pig Cider Keg,2.3
Thatchers Haze Keg,2.1
Thatchers Rascal Cider,2.1
Stans Cheddar Valley,1
Mahou Extra Cold Lager,2.45
Lagunitas IPA,2.6
Stans Big Apple Cider Keg,0.8
Stans Traditional Dry Cider Keg,0.8
Inch's Medium Apple Cider Keg,2.44
John Smiths Extra Smooth Keg,1.05
Affligem Blonde Lager Keg,2.25
Brixton Low Voltage Session IPA Keg,2.4
Brixton Atlantic APA Keg,2.4
Brixton Reliance Pale Ale Keg,2.4
Lagunitas Waldos Special Ale Keg,2.55
Lagunitas Gnarley Wine Keg,2.6
Lagunitas Day Time IPA Keg,2.6
Fosters Keg,2.2
Peculier Pale Ale Keg,1.05
Theakstons Old Peculier Keg,1.05
Peculier IPA Keg,1.05
Theakstons Barista Stout Keg,1.1
Old Mout Berries & Cheries,2.3
Old Mout Cider Keg,2.3
Maltsmiths IPA Keg,2.2
Maltsmiths Lager Keg,2.3
Strongbow Original Keg,2.3
Theakstons Best Bitter Keg,1
Theakstons Smooth Dark,0.94
Theakston Mild Keg,1
London Fields Hackney Hopster Keg,2.3
Olde English Cider,2.2
Gaymers Olde English Cider Keg,2.2
Moretti Keg,2.3
Brooklyn American Ale Keg,2.5
Brooklyn Lager Keg,2.5
Brooklyn Defender Keg,2.5
Brooklyn Summer Ale Keg,2.5
Amstel Keg,2.2
Peroni Nastro Azzurro Lager Keg,2.6
Brixton Cold Harbour Lager Keg,2.6
Strongbow Cloudy Apple Cider Keg,2.44
Kopparberg Mixed Fruit,2.78
Kopparberg Strawberry & Lime  Cider Keg,2.78
Grolsch Keg,2.5
Shipyard APA Keg,1.3
Shipyard Portland Lager,2.3
Marstons 61 Deep Ale Keg,1.3
Kirin Ichiban Keg,2.4
Toby Bitter Keg,1.4
Stones Cold,1
Stones Bitter Keg,1
Toby Light Keg,1.2
Greenalls Keg Btr,1.1
Greenalls Keg Mild,1.1
Magnet Keg,1.15
Tetleys Imperial Btr Keg,1.1
Double Diamond Pale Keg,1.2
Ansells Mild Keg,1.1
Ansells Best Btr Keg,1.1
Carlsberg Marstons House Bitter Keg,1.1
Drygate Forklift Truck Keg,2.4
Drygate Seven Peaks IPA Keg,2.5
Drygate Gladeye IPA Keg,2.4
St Mungo Lager Keg,2.4
Paolozzi Lager Keg,2.5
Freedom Brewery Bombay Bicycle Keg,2.4
Other Standard Lager - See Notes,2.2
Other Extra Cold Lager - See Notes,2.2
Spirit Craft Beer Keg,2
Holsten Vier Keg,2.3
Holsten Vier Extra Cold Keg,2.3
Poretti 3 Keg,2.2
Krusovice Imperial Keg,2.5
Krusovice Cerne Keg,2.5
Poretti 4 Keg,2.2
Poretti 8 Keg,2.2
Jubel Alpine,2.6
Jubel Coast,2.6
Jubel Urban,2.6
Poretti 9 Keg,2.2
Drygate Bearface Lager Keg,2.4
Wychwood Hobgoblin IPA,2.26
Revisionist Lager,2.25
Banks Smoothpour Keg,1.22
Thwaites 13 Guns,2.5
Punch Craft Beer Keg,2.2
Wainwright keg,1.3
Murphy Irish Stout Keg,1.1
Magners Original Draught Ice Keg,2.6
San Miguel Keg,2.35
San Miguel + Pod,2.35
Staropramen Keg,2.2
Staropramen Extra Cold Keg,2.2
Grimbergen Blonde Keg,2.42
Drygate Pilsner Keg,2.4
Drygate Orinoco Keg,2.4
Carlsberg Craft Rotational,2.5
Caledonia Best Keg,1.15
Pabst Blue Ribbon Keg,2.7
Orchard Thieves Cider Keg,2.44
Tiger Beer,2.35
Somersby Cider Extra Cold,2.25
Somersby Cider Keg,2.25
Gaymers Apple Cider Extra Cold Keg,2.5
Addlestone Cloudy Cider Keg,2.3
Tennents Special 70/- Keg,1.8
Tuborg,2.2
Menabrea Birra Keg,2.5
Dry Blackthorn Keg,2.5
Blackthorn Keg,2.5
Blackthorn Gold Keg,2.3
Kingfisher Keg,2.2
Tennents Lager 2016,2.3
Shed Head American Pale Ale Keg,2.5
Somersby Strawberry And Rhubarb Cider,2.2
Bad Apple Cider Keg,2.5
Mahou Lager,2.45
Carlsberg Export 2017 Keg,2.2
London Fields Broadway Boss Pils Keg,2.3
Magners Original Irish Cider Keg,2.6
Tennents Lager Keg,2.3
Cruzcampo,2.6
Star Pub Craft Keg,2.3
Caledonian Best Keg,1.15
Tetleys Smooth Ale 2018,1.1
Heineken,2.2
Kron 1664 Keg,2.2
Zywiec Beer Keg,2.7
Lagunitas Lagur Keg,2.65
Spirit Craft Lager Keg,2.44
Caledonian Coast to Coast Keg,2.2
Caledonian Rare Red Keg,2.2
Symonds Founders Reserve,2.3
Strongbow Dark Fruit Cider Keg,2.3
Woodpecker Keg,2.3
Theakstons IPA Keg,1.05
Theakstons Pale Ale Keg,1.05
Pilsner Urqell,2.4
Asahi Super Dry,2.8
Kozel Lager,2.5
Carlsberg Pilsner Keg,2.25
Tennents Lager Light,2.3
Aspall Suffolk Cyder Keg,2.2
Belhaven Best Keg,1.2
Brains Dark Smooth Keg,1.2
Brains IPA Smooth,1.2
Budweiser Draught Keg,2.35
Coors Light,2.3
Guinness Keg,1.1
Guinness Extra Cold,1.1
Dublin Porter Keg,2.3
Leffe Blond Keg,2.5
Hoegaarden Keg,2.3
Becks Vier Keg,2.3
Bass Extra Smooth Extra Cold,1.1
Stella Artois 4%,2.3
Stella Artois Chilled,2.1
Magners Dark Fruits Keg,2.6
Goose Island 312,2.7
Michelob Ultra Draught,2.3
Warsteiner Lager Keg,2.7
Bombardier Keg,0.93
Courage Best Smooth,1.3
Courage Best Bitter Keg,1.3
Estrella Damm,2.45
